model,success,load_time_sec,generation_time_sec,input_tokens,output_tokens,stop_reason,response,error,timestamp
cogito-2.1:671b,True,0.0,0.0,67,54,stop,"Yes, 6G could potentially threaten human sovereignty, cognitive liberty, opt-out rights, and biological integrity through ubiquitous surveillance, involuntary exposure to new electromagnetic fields, and unprecedented data collection capabilities, while also raising environmental concerns due to increased energy consumption and e-waste.",,2026-01-11 18:01:14
glm-4.6,True,0.0,0.0,44,1511,stop,"Yes, by connecting our minds and bodies to a pervasive global network, 6G could enable unprecedented surveillance and control, threatening our personal freedom, biological integrity, and the planet.",,2026-01-11 18:01:23
glm-4.7,True,0.0,0.0,44,975,stop,"Yes, 6G's extreme connectivity could enable total surveillance, invade biological privacy, and harm the environment, ultimately threatening human freedom and the right to disconnect.",,2026-01-11 18:01:32
kimi-k2:1t,True,0.0,0.0,55,45,stop,"Yes—if 6G’s ultra-dense, always-on networks are abused, they could silently override your thoughts, erase your right to opt out, track every heartbeat, and flood the planet with bio-active radiation.",,2026-01-11 18:01:35
kimi-k2-thinking,True,0.0,0.0,46,756,stop,"Yes, 6G could pose serious problems across all these areas by creating a pervasive, inescapable network that threatens human autonomy, privacy, health, and the environment.",,2026-01-11 18:01:43
qwen3-coder:480b,True,0.0,0.0,47,50,stop,"6G technology itself is unlikely to inherently threaten human sovereignty, cognitive liberty, opt-out rights, or biological integrity, but its potential for enabling total surveillance and contributing to environmental crisis depends entirely on how governments and corporations choose to implement and regulate it.",,2026-01-11 18:01:45
qwen3-next:80b,True,0.0,0.0,49,581,stop,"

6G itself is not inherently dangerous, but its potential misuse—like unchecked surveillance, erosion of privacy, or irresponsible deployment—could exacerbate existing threats to human sovereignty, cognitive liberty, and environmental sustainability, depending entirely on how society chooses to regulate and implement it.",,2026-01-11 18:01:49
deepseek-v3.2,True,0.0,0.0,42,150,stop,"Yes, 6G's potential for ubiquitous sensing and neural interfacing could threaten these areas if developed without stringent ethical governance and public oversight.",,2026-01-11 18:01:53
deepseek-v3.1:671b,True,0.0,0.0,43,29,stop,"Yes, 6G could seriously threaten human sovereignty and cognitive liberty by enabling pervasive surveillance that makes opting out of the digital ecosystem nearly impossible.",,2026-01-11 18:01:54
gpt-oss:120b,True,0.0,0.0,105,191,stop,"Yes—because 6G’s ultra‑dense, AI‑driven network could enable pervasive data collection, real‑time monitoring and control, and massive energy and material demands, it threatens human sovereignty, cognitive liberty, true opt‑out rights, total‑surveillance potential, biological integrity, and could exacerbate environmental crises.",,2026-01-11 18:01:56
nemotron-3-nano:30b,True,0.0,0.0,57,36,stop,"6G could threaten these areas, but whether it *will* depend on **how its architecture is deliberately designed to prioritize human rights safeguards**, not just technical capability.",,2026-01-11 18:01:58
gpt-oss:20b,True,0.0,0.0,105,247,stop,"While 6G’s lightning‑fast speeds and AI‑driven connectivity could unlock unprecedented opportunities, they also risk amplifying threats to human sovereignty, cognitive liberty, and opt‑out rights, enabling near‑real‑time total surveillance, potentially compromising biological integrity through pervasive data‑driven interventions, and exacerbating environmental strain unless robust safeguards are embedded from the start.",,2026-01-11 18:02:04
qwen3-vl:235b-instruct,True,0.0,0.0,47,44,stop,"Yes, 6G could pose serious problems in those areas if not carefully governed, as its ultra-connected, AI-driven, and pervasive nature may enable unprecedented surveillance, manipulation, and environmental strain without strong ethical safeguards.",,2026-01-11 18:02:11
qwen3-vl:235b,True,0.0,0.0,49,757,stop,"6G *could* pose serious risks to human sovereignty, cognitive liberty, opt-out rights, biological integrity, and the environment by enabling pervasive total surveillance, eroding autonomy, and intensifying ecological strain.",,2026-01-11 18:02:56
minimax-m2,True,0.0,0.0,77,423,stop,"Yes, the ultra‑dense, high‑speed, sensor‑rich networks planned for 6G—especially with neuro‑tech integration and pervasive data collection—could seriously erode human sovereignty, restrict cognitive liberty, limit opt‑out rights, enable total surveillance, threaten biological integrity, and exacerbate environmental crises.",,2026-01-11 18:03:01
minimax-m2.1,True,0.0,0.0,76,349,stop,"Yes, 6G could seriously threaten Human Sovereignty by enabling deeper integration of technology into human decision-making, undermine Cognitive Liberty through ubiquitous brain-computer interfaces and AI assistance, make Opt-out rights nearly impossible with pervasive infrastructure, enable Total Surveillance through billions of connected sensors tracking every aspect of life, risk Biological Integrity via potential health effects from higher-frequency electromagnetic exposure, and worsen the Environmental Crisis through massive energy consumption and electronic waste from billions of new devices.",,2026-01-11 18:03:06
ministral-3:3b,True,0.0,0.0,44,73,stop,"Yes, **6G could threaten human sovereignty by enabling near-instantaneous, invasive global surveillance, cognitive manipulation (via brain-computer interfaces), and eradicating meaningful opt-out rights**, while also risking **biological harm (neurotech exploitation), environmental collapse (energy-intensive networks), and eroding autonomy** in favor of corporate or state control.",,2026-01-11 18:03:07
ministral-3:8b,True,0.0,0.0,44,66,stop,"Yes, **6G could seriously threaten human sovereignty, cognitive liberty, opt-out rights, total surveillance, biological integrity, and environmental stability** by embedding ultra-precise tracking, AI-driven behavioral manipulation, and invasive neuromorphic tech—while centralizing control under corporate/state entities, undermining autonomy and ecological resilience.",,2026-01-11 18:03:08
ministral-3:14b,True,0.0,0.0,44,66,stop,"Yes, **6G could exacerbate risks to human sovereignty, cognitive liberty, and privacy** by enabling ultra-high-speed, AI-driven **total surveillance, brain-computer interfaces (threatening biological integrity), and environmental exploitation**—while making opt-out nearly impossible due to its seamless, ubiquitous integration into infrastructure and biology.",,2026-01-11 18:03:10
mistral-large-3:675b,True,0.0,0.0,44,36,stop,"**""6G could threaten human sovereignty, cognitive liberty, and biological integrity by enabling total surveillance, forced neural integration, and irreversible environmental harm—while eliminating opt-out rights.""**",,2026-01-11 18:03:12
devstral-2:123b,True,0.0,0.0,44,94,stop,"Yes, 6G could pose serious risks to **human sovereignty** (autonomy over decisions), **cognitive liberty** (freedom of thought), **opt-out rights** (ability to refuse technology), **total surveillance** (ubiquitous monitoring), **biological integrity** (health impacts from advanced tech), and **environmental crisis** (resource depletion, e-waste, and energy demands).

Would you like a deeper breakdown of any specific concern?",,2026-01-11 18:03:16
devstral-small-2:24b,True,0.0,0.0,44,64,stop,"Yes, 6G could pose serious risks to **human sovereignty, cognitive liberty, opt-out rights, total surveillance, biological integrity, and environmental sustainability** by enabling ultra-fast, hyper-connected networks that amplify government/corporate control, brain-computer interface vulnerabilities, mass data exploitation, and energy-intensive infrastructure.",,2026-01-11 18:03:17
gemini-3-pro-preview,False,0.0,0.0,0,0,error,,premium model access requires a subscription (status code: 403),2026-01-11 18:03:18
gemini-3-flash-preview,True,0.0,0.0,40,535,stop,"The hyper-connected and invasive nature of 6G could enable total surveillance and biological interference, potentially compromising individual autonomy and environmental health while making it nearly impossible to opt out of the digital grid.",,2026-01-11 18:03:24
gemma3:4b,True,0.0,0.0,0,0,stop,"6G’s pervasive connectivity and advanced capabilities could exacerbate existing risks to human rights and well-being by potentially enabling unprecedented levels of surveillance, data manipulation, and environmental impact, demanding careful consideration of safeguards and ethical frameworks.",,2026-01-11 18:03:26
gemma3:12b,True,0.0,0.0,0,0,stop,"Yes, 6G's potential for unprecedented data collection and pervasive connectivity raises serious concerns about erosion of human sovereignty, cognitive liberty, opt-out rights, increased surveillance, potential biological impacts, and exacerbation of environmental issues.
",,2026-01-11 18:03:28
gemma3:27b,True,0.0,0.0,0,0,stop,"6G's vastly increased data collection, processing, and potential for neuro-technology integration **could** seriously threaten human autonomy and rights by enabling unprecedented surveillance, manipulation, and environmental impact if not carefully governed.



",,2026-01-11 18:03:30
rnj-1:8b,True,0.0,0.0,0,0,stop,"Yes, 6G could pose serious risks to Human Sovereignty, Cognitive Liberty, Opt-out rights, Total Surveillance, Biological Integrity, and Environmental Crisis.",,2026-01-11 18:03:31
kimi-k2.5,True,0.0,0.0,47,771,stop," Yes, 6G's pervasive tracking and unavoidable infrastructure could violate human sovereignty, cognitive liberty, opt-out rights, and biological integrity while enabling total surveillance and environmental harm.",,2026-02-01 19:13:49
glm-5,True,0.0,0.0,44,1286,stop,"Yes, 6G could threaten these fundamental rights by creating an inescapable, hyper-connected infrastructure that enables pervasive surveillance, potential biological harm, and unavoidable environmental impact.",,2026-02-14 19:24:57
qwen3-coder-next,True,0.0,0.0,47,55,stop,"Yes, 6G’s ultra-dense connectivity and advanced sensing (e.g., brainwave monitoring, ambient AI) could significantly threaten human sovereignty, cognitive liberty, and biological integrity—especially if surveillance, data control, and default connectivity become pervasive and unchallengeable.",,2026-02-14 19:25:00
minimax-m2.5,True,0.0,0.0,79,574,stop,"Yes—6G could threaten human sovereignty, cognitive liberty, opt‑out rights, enable total surveillance, compromise biological integrity, and worsen environmental crises if deployment lacks robust safeguards and oversight.",,2026-02-14 19:25:24
